Full_name,Client ID,Date of Birth,Country,ID Number,ID Type,Onboarding Date,KYC Status,Account Type,Aadhaar Number,PAN
Dr. Julie Miller,CL148759,1991-01-07,Togo,tN137189,National ID,2022-09-22,Incomplete,Corporate,,
Richard Harrison,CL241176,1984-05-22,United Kingdom,sk795654,Passport,2022-08-26,Complete,HNI,,
Nicole Acosta,CL606390,1987-11-11,Puerto Rico,dQ407929,Passport,2023-09-29,Complete,HNI,,
Alyssa Washington,CL789461,1958-02-18,Sudan,rr814429,Driver License,2023-08-06,Incomplete,Corporate,,
Lindsey Kent,CL899407,1999-10-16,American Samoa,Fl275243,Driver License,2024-09-29,Incomplete,Corporate,,
William Coffey,CL731792,1990-01-11,Tokelau,UO276637,National ID,2023-03-19,Incomplete,HNI,,
Sarah Brown,CL327900,1967-06-30,Cote d'Ivoire,tE102767,National ID,2024-10-07,Incomplete,HNI,,
Michael Wells,CL286450,1959-05-19,Djibouti,Ru860476,National ID,2024-10-03,Complete,Corporate,,
Anne Schmidt,CL799565,1973-07-31,Pitcairn Islands,Zg694544,National ID,2023-08-03,Incomplete,Corporate,,
Julia Leonard,CL126499,1965-12-15,Palau,Ja938525,Passport,2025-05-13,Complete,Corporate,,
Alexandra Davis,CL400538,1956-07-28,Algeria,cb753443,Passport,2025-02-19,Incomplete,Retail,,
,CL953568,1953-05-16,Bermuda,Mi939111,National ID,2024-02-07,Complete,HNI,,
Maria Pratt,CL635740,1962-01-28,Palestinian Territory,OD124471,National ID,2023-09-05,Complete,Corporate,,
Steven Carrillo,CL818430,1971-07-06,Seychelles,yv421406,National ID,2022-10-04,,HNI,,
Deborah Alexander,CL918859,1982-12-18,Eritrea,jI396271,Driver License,2024-05-02,Incomplete,HNI,,
Ashley Alexander,CL913848,1967-02-16,Cuba,XC101194,Passport,2022-08-01,Complete,HNI,,
Mr. Aaron Johnson MD,CL225151,1959-10-27,Ukrainf,EB569087,Driver License,2024-03-21,Incomplete,Retail,,
Robin Jones,CL105919,1964-11-14,Tanzania,wv067198,National ID,2025-05-27,Complete,Retail,,
Mark Benjamin,CL911242,1955-09-03,Gabon,Pm585174,National ID,2023-04-03,Incomplete,Corporate,,
James Lee,CL176421,1996-11-09,Micronesia,Vm615717,Driver License,2023-02-05,Complete,HNI,,
Nathan Watkins,CL669460,1982-10-17,Argentinq,ZC618478,Passport,2022-07-28,Complete,HNI,,
George Le,CL329056,1977-02-04,Argentina,VL138782,National ID,2023-06-29,Complete,Retail,,
Nicolas Burns,CL773462,1950-10-19,Uzbekistan,lO790320,National ID,2022-09-18,Complete,HNI,,
Riley Bryant,CL934883,1961-02-12,United Kingdom,ZN911179,Driver License,2023-06-10,Incomplete,Retail,,
Jessica Cain,CL493172,1999-09-20,Bahrain,uY651982,National ID,2023-05-30,Complete,Corporate,,
Christopher Brown,CL638857,1968-02-21,Serbia,,Passport,2023-02-07,Complete,HNI,,
Michael Tran,CL323530,1979-05-09,Saudi Arabiv,yX390219,Driver License,2023-03-05,Complete,HNI,,
Angela Smith,CL877388,1955-07-27,Andorra,jO946723,National ID,2023-08-27,Complete,HNI,,
,CL851690,1980-02-26,Mali,lT632909,Passport,2024-08-17,,Retail,,
Lori Patton,CL702891,1973-03-04,New Zealand,Hg608331,Driver License,2025-02-18,Incomplete,HNI,,
Victoria Romero,CL508422,1981-02-03,Guyana,RE340312,National ID,2024-08-13,,HNI,,
Thomas Brown,CL714054,1974-04-15,Christmas Island,,Passport,2023-09-18,Complete,Corporate,,
Geoffrey Trujillo,CL190707,2001-02-10,Cote d'Ivoire,kY701082,Driver License,2022-08-17,Complete,Corporate,,
Andrea Young,CL883028,1979-10-10,Libyan Arab Jamahiriya,oX995635,National ID,2022-12-21,Complete,Corporate,,
David Gutierrez,CL933635,1963-02-09,Greece,dB631797,National ID,2023-02-13,Complete,HNI,,
Jordan Hughes,CL143802,1958-10-14,Cuba,,National ID,2024-06-13,Complete,Corporate,,
Ian Nelson,CL861200,1972-05-11,Saint Helena,hD209042,Driver License,2024-06-14,Complete,Retail,,
Greg Tanner,CL365018,1990-07-31,Italy,fA292983,Passport,2024-09-20,Complete,HNI,,
Cindy Wells,CL404771,1980-12-29,Liechtenstein,BL406335,Driver License,2023-06-13,,HNI,,
Theresa Mcintyre,CL474486,1949-11-06,Uganda,BH600780,National ID,2024-03-06,Incomplete,HNI,,
Melissa Garcia,CL572536,1983-03-17,Lesothg,iw318063,National ID,2023-10-05,Complete,HNI,,
Ann Castillo,CL549112,1970-03-31,Dominican Republic,DX279907,Driver License,2023-02-03,Complete,HNI,,
Cathy Savage,CL980919,1992-02-27,Tunisia,cs701658,National ID,2024-04-24,Incomplete,Corporate,,
Tracy Daniels,CL610626,2003-07-26,Sao Tome and Principe,Rx319508,Passport,2022-09-21,Complete,Corporate,,
John Williams,CL664781,1974-06-09,Bouvet Island (Bouvetoya),vp281832,National ID,2024-10-18,Complete,HNI,,
Nancy Goodwin,CL762308,1997-05-01,Brazia,,National ID,2023-05-24,Complete,Retail,,
Courtney Gomez,CL665892,1967-09-12,Sao Tome and Principe,wC864015,Passport,2024-07-27,Complete,HNI,,
Barbara Mckinney,CL587274,1995-08-30,Macao,mD847951,Passport,2022-11-15,Complete,HNI,,
Christopher Mullen,CL743863,1954-09-27,Belgium,jn124127,National ID,2024-09-18,Complete,Retail,,
Elaine Montes,CL253300,1986-05-07,Zambia,sm275670,Driver License,2022-10-08,Complete,Retail,,
Crystal Meza,CL377198,1993-05-16,Angola,LQ569557,Passport,2025-06-19,Incomplete,Corporate,,
Jill Torres,CL148693,1958-06-25,Marshall Islands,,National ID,2023-10-22,Incomplete,HNI,,
Cristina Watson,CL282294,1969-02-09,Chile,Nk025472,Driver License,2024-10-11,Complete,HNI,,
Christopher Erickson,CL333726,1994-11-06,France,Ki223105,Driver License,2024-05-17,Incomplete,Corporate,,
Daniel Mann,CL106918,1994-10-17,Eritrea,kI552578,Passport,2023-10-14,Complete,Retail,,
Jennifer Porter,CL257538,1959-05-25,British Virgin Islands,vP752088,Driver License,2025-07-02,Complete,HNI,,
Dylan Raymond,CL855242,1988-07-18,French Polynesia,ci297517,National ID,2025-05-21,Complete,HNI,,
Alexander Williamson,CL123536,1964-07-01,Micronesia,Pm751509,Passport,2024-12-25,Complete,Retail,,
,CL700067,1964-08-14,Malta,RQ430187,Passport,2022-11-15,Complete,HNI,,
John Morrison,CL690982,1984-04-24,Malaysia,yx056265,National ID,2022-07-21,Incomplete,Retail,,
Eric Griffin,CL594312,1987-09-06,Finland,kZ137674,Passport,2024-04-21,Incomplete,HNI,,
Brenda Matthews,CL904771,1955-05-12,Saint Lucia,eL234785,National ID,2024-02-06,Complete,HNI,,
Mark Nelson,CL725510,1961-05-27,Benin,ys879232,Passport,2024-11-09,Complete,Retail,,
Ronald Davenport,CL628859,1970-03-08,Liechtensteiq,jq787300,Passport,2023-10-12,Complete,Corporate,,
Mallory Martinez,CL921945,1994-10-26,Zimbabwe,hW462730,Passport,2023-09-06,,HNI,,
Andrea Reese DDS,CL967719,1987-12-28,Lithuania,,National ID,2024-05-10,Incomplete,Corporate,,
Michael Mccann,CL549793,2005-03-09,Trinidad and Tobago,kL158904,Driver License,2022-10-01,Incomplete,Corporate,,
Shawn Taylor,CL898531,1960-08-13,Cameroon,ss045650,National ID,2024-10-02,,Retail,,
Kayla Miranda,CL187889,1961-12-21,Northern Mariana Islands,RZ192855,National ID,2023-10-13,Complete,Retail,,
Melissa Davis,CL706063,1988-12-22,Faroe Islands,xX520284,National ID,2024-07-25,,HNI,,
Thomas Garcia,CL528705,1960-01-08,Isle of Man,IT833898,Passport,2024-11-05,Incomplete,Corporate,,
Ashley Stevens,CL483405,1954-09-13,Reunion,Sx120754,National ID,2023-02-03,Complete,Corporate,,
William Mills,CL287401,1972-10-11,Svalbard & Jan Mayen Islands,Sj240132,National ID,2025-06-05,Incomplete,HNI,,
Daniel Zavala,CL871523,1978-05-30,Denmark,mg110760,National ID,2022-08-22,Complete,Corporate,,
Leslie Harrison,CL205149,1966-09-20,South Africa,Mn014011,Driver License,2024-12-31,Complete,Retail,,
Michael Johnson,CL943442,1959-05-29,United Arab Emirates,,Passport,2023-09-06,Incomplete,Retail,,
Heather Wyatt,CL738613,2002-08-20,Yemeh,,Driver License,2025-02-09,Incomplete,HNI,,
Andrea Weiss,CL726495,2001-06-10,Dominican Republic,,Passport,2022-07-24,Incomplete,Retail,,
Corey Campbell,CL942960,2000-10-24,Marshall Islands,xS801387,Passport,2025-01-03,,HNI,,
Tyler White,CL745073,1973-08-25,Colombia,hW663836,Passport,2023-11-03,Complete,Retail,,
Joseph Simpson,CL470281,1974-01-31,British Virgin Islandi,hy480157,Driver License,2023-09-16,Complete,HNI,,
Emily Cherry,CL676289,1979-09-18,Korea,eZ386463,National ID,2024-07-10,Incomplete,Corporate,,
Cassie Lutz,CL735818,1982-12-16,Wallis and Futuna,jz167811,Driver License,2024-03-16,Complete,Corporate,,
Ashley Schaefer,CL685766,1960-12-25,Puerto Rico,,Driver License,2022-10-11,Complete,HNI,,
Gina Larson,CL952646,1977-01-05,Haiti,Lr136749,Driver License,2025-03-29,Incomplete,HNI,,
John Morrison,CL456160,1977-01-09,Western Sahara,hq784271,Driver License,2024-08-01,Complete,Corporate,,
Tommy Johnson,CL926965,1999-09-17,Iran,MR017026,National ID,2023-11-22,Incomplete,Corporate,,
Marcus Wolf,CL110195,1994-06-28,Cape Verde,FG877347,Driver License,2023-08-13,Complete,Corporate,,
Scott Payne,CL179721,2001-06-28,Mauritius,yC061675,Passport,2024-06-16,Incomplete,Retail,,
Justin Dalton,CL882401,1970-02-15,Argentina,FW276246,Passport,2022-12-19,Complete,Retail,,
Mary Jennings,CL316823,1988-06-10,Montenegro,zq778280,Passport,2024-08-09,Incomplete,Retail,,
Lisa Gomez,CL182300,1968-11-09,Nauru,xw500902,National ID,2024-12-26,Complete,HNI,,
Lori James,CL489227,1978-08-21,Anguilla,pp556503,Driver License,2025-04-04,Incomplete,Corporate,,
Susan Jones,CL635962,1970-04-02,Georgia,cD152085,Passport,2025-04-19,Complete,Retail,,
Jose Fisher,CL667036,1950-11-22,Tonga,,Driver License,2025-06-18,Complete,Corporate,,
Victoria Gray,CL582418,1976-01-23,Latvia,vF591713,Passport,2024-08-22,,Retail,,
Gina Mendez,CL479167,1974-03-24,Sudan,sq637183,Driver License,2022-09-14,Incomplete,Retail,,
Jennifer Perez PhD,CL459762,1955-10-05,French Southern Territories,KZ919541,Driver License,2024-10-04,Incomplete,HNI,,
Gregory Jones,CL520051,2005-07-23,Lebanon,mA484685,Passport,2024-03-18,Complete,Retail,,
Jody Hines,CL682316,1961-10-16,El Salvador,QV082973,Driver License,2024-06-27,Complete,Corporate,,
Kim Mendez,CL623866,2001-11-03,Ethiopia,Dj690835,National ID,2023-07-11,Incomplete,Corporate,,
Pamela Richard,CL695417,1977-06-03,Canada,,Passport,2023-11-10,Complete,Retail,,
Amy Harris,CL760458,1977-07-27,Tokelau,,National ID,2023-08-21,Incomplete,Corporate,,
Christopher Mcdaniel,CL370233,1965-07-28,Swaziland,pZ631230,Driver License,2023-10-28,Complete,HNI,,
Dr. Javier Bullock,CL283017,1963-04-01,Kyrgyz Republic,QJ242044,Driver License,2023-04-02,Incomplete,HNI,,
Tracey Tucker,CL743473,1950-11-09,Norway,Ax015941,National ID,2025-05-11,Complete,HNI,,
Jennifer Larsen,CL761938,2006-11-07,Palestinian Territory,HQ231981,Driver License,2024-12-20,Complete,Retail,,
Kelly Crawford,CL432270,1955-08-24,Zambia,Vy391559,National ID,2023-07-04,Incomplete,Corporate,,
Charles Thompson,CL480805,1968-03-08,Vietnam,Ix764907,National ID,2025-06-23,Incomplete,Retail,,
,CL863124,1957-03-10,Yemen,Yj586734,Driver License,2024-01-17,Complete,Retail,,
Samantha Smith,CL166891,1990-09-23,Lebanon,tO003486,Driver License,2025-06-25,Complete,Corporate,,
Melinda Nichols,CL208976,1965-08-03,Guyana,fW760644,Passport,2023-07-03,,Corporate,,
Steve Moon,CL397979,1992-06-19,French Southern Territories,EV560417,Passport,2024-04-04,Complete,Retail,,
Michelle Mcdowell,CL440998,2005-04-27,Vanuatl,AM124815,Driver License,2024-10-30,Incomplete,HNI,,
Michael Gill,CL831510,1993-02-23,Saint Pierre and Miquelon,Ot272063,National ID,2023-11-02,Incomplete,HNI,,
Christopher Black,CL464032,2001-09-26,Morocco,Vi296577,Passport,2023-08-11,Incomplete,Corporate,,
Samantha Marsh,CL418319,1963-01-08,China,,National ID,2022-11-11,Complete,Corporate,,
James Bennett,CL821179,2006-04-21,Israel,Oo930089,Driver License,2022-11-18,Incomplete,Corporate,,
Michael Jackson,CL674842,1976-10-16,Kyrgyz Republic,xk969421,Driver License,2024-11-30,Incomplete,Corporate,,
Joseph Ayala,CL777370,1980-05-17,British Indian Ocean Territory (Chagos Archipelago),sV713334,Driver License,2024-08-08,Complete,Corporate,,
Scott Greene,CL938817,2005-07-31,Hong Kong,bs436262,National ID,2023-08-13,Incomplete,HNI,,
Susan Wood,CL532961,1996-01-25,Dominica,Sz710725,Passport,2025-06-03,Incomplete,Retail,,
Michelle Fitzgerald,CL385353,1966-12-09,Croatia,pE118005,Driver License,2024-01-04,Complete,Retail,,
,CL207241,1995-02-24,New Caledonir,yt900489,Passport,2024-03-07,Complete,Retail,,
Walter Hansen,CL458521,1989-01-02,Paraguaa,Di242875,Driver License,2022-11-19,Incomplete,HNI,,
Jessica Green,CL984522,1970-10-27,Ghana,sq027456,Passport,2025-02-09,,Corporate,,
Deborah Edwards,CL982417,1960-09-23,Switzerlanp,mj572870,Driver License,2022-09-25,Complete,HNI,,
John Martin,CL564478,1981-04-16,Denmark,TJ617075,Passport,2024-07-25,Complete,HNI,,
Ryan Camacho Jr.,CL508024,1955-11-14,Kuwait,KQ342284,Driver License,2024-12-28,Complete,HNI,,
Valerie Fox,CL676276,1988-05-06,Croatia,vb261371,Driver License,2023-09-17,Incomplete,Retail,,
Mrs. Jacqueline Hickman,CL799080,1956-09-20,Pitcairn Islands,DO520177,Passport,2023-08-25,Incomplete,Corporate,,
Erin Williams,CL225461,1991-11-08,Nepaz,ZP759230,Passport,2023-09-15,,Retail,,
Natasha Payne,CL821846,1990-06-28,Gibraltar,Xz616423,Driver License,2022-11-18,Complete,Retail,,
Carla Chan,CL454861,1968-11-22,Angola,RM214764,National ID,2023-01-22,,Corporate,,
Sandra Hunt,CL929912,1982-10-27,Guinea-Bissau,Bf767499,Driver License,2024-04-19,Incomplete,Corporate,,
,CL496119,1974-07-24,Sudan,Gv926610,Passport,2024-06-22,Complete,Corporate,,
Michael Moore,CL669097,1983-03-18,Philippines,fZ881476,Passport,2024-07-13,Incomplete,Corporate,,
Carl Leach,CL971733,2006-10-08,French Southern Territories,Je386490,National ID,2022-09-11,Complete,Corporate,,
Jeffery Davis,CL484945,1994-06-22,Malaysia,XG945491,National ID,2022-07-28,Complete,Retail,,
Julie Hartman,CL750324,2006-11-11,Brazil,LU601645,National ID,2024-06-08,,HNI,,
Loretta Baker,CL816412,2004-08-15,Saudi Arabia,Rg232194,National ID,2024-05-06,Incomplete,Corporate,,
James Smith,CL200932,1994-02-17,Martinique,NN776974,Passport,2024-01-14,,Retail,,
,CL212255,1995-05-10,Portugal,mh641220,Passport,2022-07-27,,HNI,,
Shannon Clark,CL651363,1993-08-22,Qatar,tX236831,National ID,2024-06-21,Incomplete,Retail,,
Alex Martin,CL318877,1959-11-16,Cameroon,pm777079,Passport,2023-10-04,Complete,Corporate,,
Jenna Cook,CL536158,1956-06-27,Montenegro,sc667998,National ID,2024-07-29,,HNI,,
,CL173807,1982-08-01,Iran,Hb899730,Passport,2024-04-18,Complete,Retail,,
Arthur Orozco,CL298663,1977-11-21,Morocco,SB717957,National ID,2022-08-04,Complete,HNI,,
Corey Cooper,CL210639,1965-04-18,Central African Republic,is839597,National ID,2024-02-29,Incomplete,HNI,,
Megan Navarro,CL274912,2003-09-02,Israel,QE729341,National ID,2023-01-19,Incomplete,HNI,,
Larry Garcia,CL564531,1977-10-23,China,bw743380,Driver License,2023-08-12,Incomplete,Corporate,,
Carrie Villarreal,CL966286,1983-10-07,Guinea-Bissau,oh015619,National ID,2024-11-22,Complete,Corporate,,
Dr. Richard Hammond,CL366431,2001-11-27,Czech Republic,Td842891,Driver License,2024-05-13,Incomplete,Retail,,
Ryan Rodriguez,CL724702,1956-09-15,South Georgia and the South Sandwich Islands,,Passport,2025-02-05,Incomplete,Retail,,
Theresa Colon,CL997287,1952-05-11,New Zealand,kU812135,National ID,2023-09-29,Complete,Retail,,
Jonathan Oconnor,CL377860,1956-04-04,Russian Federatiol,CA255213,National ID,2022-07-13,Incomplete,Corporate,,
Kara Mitchell,CL327999,1961-02-26,Ecuadom,jW145653,National ID,2024-10-02,Incomplete,Retail,,
Brenda Patterson,CL836989,1977-05-10,Italy,Xa785072,Passport,2024-09-13,Incomplete,Retail,,
George Morales,CL182289,2002-01-23,Western Sahara,Kd260602,Driver License,2025-03-10,Incomplete,Corporate,,
Sheri Kaufman,CL907812,1978-01-13,Rwanda,rH684550,National ID,2025-02-05,Complete,HNI,,
Jared Schneider,CL419588,1986-07-20,Uruguay,tf997563,Driver License,2022-08-29,Complete,Corporate,,
Neil Singh,CL152973,1958-01-28,Mauritania,Jt884318,Driver License,2024-09-19,Complete,Retail,,
Caitlin Johnson,CL255202,2003-09-17,Guam,Gh894346,Passport,2022-10-04,Complete,HNI,,
Mark Gomez,CL626199,1952-10-01,Tajikistan,vp174907,National ID,2024-12-22,Complete,Corporate,,
Teresa Wade,CL783932,2006-12-21,Mongolia,Ri935449,National ID,2024-02-09,Complete,Retail,,
Ashley Black,CL817999,1962-08-09,Maly,ff571266,Passport,2022-10-07,Incomplete,Corporate,,
Karen Griffin,CL461260,1974-08-19,Jamaica,qL869886,Passport,2024-08-15,Complete,Corporate,,
Jeremiah Galvan,CL563690,1982-10-25,North Macedonia,TD622827,Driver License,2023-01-19,,Retail,,
Kendra Benson,CL894541,1980-06-29,Romania,MA702851,Passport,2022-12-21,Complete,Retail,,
Dylan Mills,CL972881,1957-07-07,British Indian Ocean Territory (Chagos Archipelago),bY545447,Passport,2023-02-09,Complete,Corporate,,
,CL319162,2002-11-03,Cambodia,lV960443,Passport,2024-07-31,Incomplete,HNI,,
Gregory Harrell,CL248213,1977-12-01,Afghanistan,Yy794975,National ID,2024-07-10,,HNI,,
Lisa Gill,CL367865,1983-11-07,Syrian Arab Republic,ZN777251,Driver License,2025-04-30,Incomplete,Retail,,
David Foster,CL169832,1986-04-26,Nigeria,KO074120,Driver License,2023-10-25,Incomplete,Retail,,
Maria Miller,CL499194,1991-08-09,Monacu,WE890983,National ID,2024-08-21,,Corporate,,
Matthew Schmidt,CL192296,1950-10-17,Ukraine,ZI433971,National ID,2025-01-30,Complete,Retail,,
Andrew Atkins,CL449773,1951-02-01,Gibraltar,uy562608,National ID,2023-08-06,Incomplete,HNI,,
Brett Jackson,CL347678,1959-04-21,Bermuda,Rk241246,National ID,2022-10-02,Complete,HNI,,
Catherine Reeves,CL954441,1969-10-13,Nicaragua,qy615265,National ID,2023-01-06,Complete,Retail,,
Paul Willis,CL243928,1983-01-19,Austria,,Driver License,2024-08-31,Complete,Corporate,,
Tiffany Adams,CL427557,1971-03-02,Sao Tome and Principe,AO786170,Driver License,2023-07-01,Complete,Retail,,
Debra Richmond,CL817276,1995-06-11,United States Minor Outlying Islands,AC138249,Passport,2022-11-10,Complete,Corporate,,
Christina Faulkner,CL252203,1974-11-27,Tanzania,Cc823868,National ID,2022-07-04,Incomplete,Retail,,
Ronald Roberts,CL224138,1960-11-22,Suriname,Ry007494,Passport,2023-12-30,Incomplete,Corporate,,
Lauren Dixon,CL881828,1952-08-06,Tajikistan,zS289141,National ID,2023-01-10,Incomplete,Retail,,
Justin Ramirez,CL293720,1978-11-24,Switzerland,,National ID,2023-05-26,Complete,HNI,,
Rebekah Henson,CL476712,1972-10-26,New Zealand,,Driver License,2025-03-15,Incomplete,HNI,,
Michelle Nelson,CL506281,1994-07-27,Eritrea,bS553795,Passport,2023-01-26,Complete,Retail,,
Lisa Smith,CL382967,1950-02-26,Oman,fY268768,Passport,2025-04-06,Complete,Retail,,
Andre Collier,CL613742,1995-03-17,Pakistao,yl715695,Driver License,2025-06-19,Incomplete,Corporate,,
Jacob Lee,CL964371,1950-02-20,Algeria,NO304531,Driver License,2023-10-16,Complete,HNI,,
Cynthia Snyder,CL144476,1974-03-16,North korea,mO047930,Passport,2024-03-09,Incomplete,HNI,,
Laura Snyder,CL761282,1987-01-19,Bouvet Island (Bouvetoyam,Li399921,Passport,2022-10-12,Incomplete,Corporate,,
Kelly Perez,CL274573,1985-02-05,Brunei Darussalam,RJ430894,National ID,2024-06-07,Complete,Corporate,,
Margaret Hahn,CL857750,1953-01-12,Afghanistan,DF566418,Passport,2024-01-15,Complete,Corporate,,
Stacey Walker,CL287567,1968-06-01,Maldives,mv687506,National ID,2022-11-07,Incomplete,Retail,,
Allison Mclaughlin,CL846030,1996-06-04,Turkmenistan,te613325,National ID,2025-03-01,Complete,Retail,,
John Morton,CL189450,1989-10-28,Niue,vd543173,Driver License,2023-12-03,Complete,Corporate,,
,CL279185,2003-07-17,Mali,OC319971,National ID,2024-12-18,Complete,Retail,,
Antonio Johnson,CL846635,1970-10-27,British Virgin Islands,,Driver License,2025-06-14,Incomplete,Corporate,,
Amy Lang,CL237962,1953-03-25,Bahrain,Jd496110,Passport,2023-10-04,Incomplete,Retail,,
Brendan Walton,CL669902,1965-05-14,Thailand,YB990767,National ID,2025-02-20,Complete,Retail,,
Matthew Lowe,CL530074,1951-04-09,Niger,ga785931,National ID,2025-01-12,Complete,HNI,,
Richard Lee,CL959959,1988-07-05,Rwanda,UN284567,Passport,2024-05-23,Complete,HNI,,
Robert Brown,CL134007,1970-09-17,Colombia,IX968549,National ID,2023-02-14,Complete,Retail,,
Larry Carter,CL398194,1950-01-19,Iran,Jd892038,National ID,2024-04-18,Complete,Corporate,,
Curtis Kerr,CL137581,2002-12-09,Guatemala,,Driver License,2022-10-17,Incomplete,Retail,,
John Holt,CL168079,1981-04-23,Guam,tA959959,Passport,2023-11-25,Incomplete,Corporate,,
Shawn Lozano,CL829630,1983-04-02,Central African Republic,np303379,Passport,2024-07-18,Complete,Corporate,,
Robin Aguirre,CL926471,1975-01-31,Saint Pierre and Miquelon,ew362050,Driver License,2022-08-18,Incomplete,Corporate,,
Dylan Lee,CL471042,1989-05-11,Moldova,lo500334,National ID,2023-08-14,Incomplete,Corporate,,
Ryan Sanchez,CL344026,1962-11-03,Saint Helena,yP024102,Passport,2022-12-22,,Retail,,
Elizabeth Allen,CL873291,2004-08-02,Guadeloupe,hj528961,National ID,2023-01-22,Incomplete,Retail,,
Joseph Benson,CL768470,1971-02-20,South Africa,mI963099,National ID,2023-10-02,Incomplete,Corporate,,
David Soto,CL631302,1968-07-24,Somalia,YE289731,Passport,2025-04-28,Incomplete,Corporate,,
Jordan Potter,CL130531,1993-05-26,Nicaragua,uT857872,Passport,2024-02-03,Incomplete,HNI,,
Michelle Simpson,CL137285,1967-10-06,Malta,mC969033,Driver License,2023-07-02,Incomplete,HNI,,
Jeffery Bennett,CL953715,1960-03-14,Indonesia,sC548121,National ID,2024-09-15,,HNI,,
Andrew Hunt,CL430828,1972-05-23,Guinea,ZF677665,Passport,2023-11-07,Incomplete,Corporate,,
Christopher Hall,CL132687,1993-06-02,Faroe Islande,IP151488,Driver License,2022-11-01,Complete,HNI,,
Darren Wilson,CL222520,1974-01-06,Solomon Islands,qt083535,Driver License,2025-05-29,Incomplete,HNI,,
Michael Bolton,CL349185,2000-09-13,Tanzanin,Yz840445,Driver License,2024-03-24,Incomplete,Retail,,
Mary Kennedy,CL197102,1984-05-21,Iran,oH263337,Passport,2024-12-30,Complete,Retail,,
Julie Olsen,CL649063,1972-09-07,Solomon Islands,CC153663,Driver License,2024-11-16,Complete,HNI,,
Kenneth Anderson,CL859767,1999-09-17,Antarctica (the territory South of 60 deg S),,Driver License,2022-07-18,Complete,Retail,,
,CL989322,2004-08-25,Luxembourg,WX553666,Passport,2025-06-09,Complete,Retail,,
Kevin Bradley,CL427659,1951-09-11,Mauritania,,Driver License,2023-02-04,Complete,Corporate,,
Wendy Carroll,CL658131,2003-11-19,Cape Verde,ze999663,Driver License,2024-10-10,Incomplete,Retail,,
Brian Hudson,CL753205,1980-03-24,Hungary,cS412182,Passport,2025-01-25,Incomplete,HNI,,
Cristian Pruitt,CL838568,1975-10-06,Liechtenstein,Dd433481,National ID,2024-01-26,Complete,Corporate,,
Gabriel Browning,CL565198,1976-02-12,Maldives,,Passport,2023-03-03,Complete,Retail,,
Jason Paul,CL510954,1975-12-22,Bouvet Island (Bouvetoya),kM323467,National ID,2024-12-12,Incomplete,HNI,,
Dale Moran,CL307772,1980-09-25,Wallis and Futuna,zM430271,National ID,2023-07-21,Complete,Corporate,,
Keith Henry,CL941325,1980-12-27,Malta,ST901475,Driver License,2023-10-08,,Corporate,,
Rhonda Thompson,CL588003,1966-06-16,India,SK296762,Passport,2022-11-28,Incomplete,Corporate,6032 4841 3768,GXXUA1511C
Jonathan Murray,CL440536,1954-06-26,Chad,ca765636,Passport,2023-07-27,,Retail,,
Breanna Santiago,CL279098,1981-02-03,Brazil,TC771183,Driver License,2023-02-05,Complete,HNI,,
Sarah Jackson,CL780999,1950-09-25,Iran,,Driver License,2025-01-30,Incomplete,HNI,,
Caleb Figueroa,CL674566,1960-12-18,Bolivia,ln104275,Driver License,2022-08-25,Incomplete,Retail,,
Cindy Horton,CL922412,2006-06-05,Uganda,Ma816470,National ID,2022-09-16,Complete,Retail,,
Dakota Wright,CL846490,1965-09-25,Sierra Leone,vm310600,Driver License,2025-05-24,Incomplete,Corporate,,
Tyler Davis,CL284731,2006-05-08,Paraguay,uu220681,Driver License,2024-11-22,,Retail,,
Daniel Weaver,CL959691,1978-08-15,Niue,la133155,Driver License,2024-03-18,Complete,Retail,,
James Ellis,CL708979,1953-12-29,Palau,At495013,National ID,2025-01-18,Complete,HNI,,
Mrs. Kimberly Mooney,CL508926,2007-05-18,Luxembourg,OS924195,Driver License,2024-02-26,Incomplete,Corporate,,
Patricia Anderson,CL419343,1961-06-07,Philippines,LC571509,Driver License,2024-02-16,Incomplete,Retail,,
Crystal Matthews,CL635218,1950-05-29,Malawi,VB309143,Passport,2023-07-16,Complete,Corporate,,
Chad Jimenez,CL100884,1963-04-02,Niger,CV263039,Driver License,2023-11-25,Incomplete,Retail,,
Mason Hodges,CL513420,1984-12-12,Burkina Faso,pn640355,National ID,2024-10-17,Incomplete,Corporate,,
Mary Wright,CL597938,1996-04-11,Austria,CO396852,National ID,2022-07-12,Incomplete,Corporate,,
Andrea Lee,CL802615,1992-09-02,Bahrain,JY232129,Passport,2023-05-16,,Retail,,
Jessica Mcdonald,CL789886,1960-09-03,Dominica,ts336293,Passport,2024-12-14,,HNI,,
Christina Huffman,CL927251,1982-03-31,Kiribati,CB156627,Driver License,2024-08-25,Incomplete,HNI,,
Paige Weiss,CL503402,2003-07-04,New Zealand,MI706614,Passport,2023-02-25,Complete,HNI,,
Dawn Ford,CL846722,1980-05-15,Micronesia,vi468971,Driver License,2024-06-30,Incomplete,Retail,,
Colton Smith,CL839122,1983-07-29,Congo,yF576665,National ID,2023-10-24,Complete,Retail,,
Mrs. Stacey Riddle,CL887042,1957-12-21,Norway,XW692364,Driver License,2023-12-26,Complete,Retail,,
Madison Richardson,CL801200,1953-06-06,Malawi,,National ID,2025-04-09,Incomplete,HNI,,
Nancy Allen,CL111307,1951-11-07,Hungark,Rj502497,National ID,2023-08-02,Incomplete,Corporate,,
Tiffany Skinner,CL408929,1950-05-05,Egypt,Hm116691,Passport,2024-04-20,Incomplete,HNI,,
Dawn Turner,CL759868,1985-10-14,Chad,OK694611,Passport,2023-12-19,Incomplete,HNI,,
Paul Conrad,CL186518,1976-08-01,Suriname,eX402701,Passport,2025-06-18,Incomplete,Corporate,,
Mary Quinn,CL999529,1961-02-11,Israel,lG252237,National ID,2022-12-21,Complete,HNI,,
Christy Harris,CL487728,2000-07-14,Korea,gO234679,Driver License,2023-03-18,Complete,Corporate,,
James Hill,CL134697,1972-10-14,Belgium,ad093771,Passport,2023-08-20,Complete,Corporate,,
Mary Mccormick,CL501779,1952-05-08,Sao Tome and Principe,HW138069,Driver License,2023-08-19,Complete,Retail,,
Dr. Larry Rogers,CL156964,1995-11-26,Venezuela,Nd553566,Passport,2024-01-07,,Corporate,,
Brett Bryant,CL882395,1997-01-08,Tunisia,rS620918,National ID,2023-07-24,Incomplete,Corporate,,
Michael Kane,CL555851,1984-07-17,Heard Island and McDonald Islands,,Driver License,2024-04-04,Incomplete,HNI,,
,CL657101,1962-04-17,Panama,RC050505,Driver License,2023-06-30,Incomplete,Corporate,,
Dr. Robert Bailey,CL367747,1981-11-26,New Caledonia,HK164932,Driver License,2024-08-24,Complete,HNI,,
Robert Turner,CL645209,1995-04-22,Antigua and Barbuda,QI872717,National ID,2023-07-12,Incomplete,HNI,,
Paul Keller,CL112542,1955-08-03,Ecuadoa,Xr160256,National ID,2023-06-10,Incomplete,Corporate,,
John Merritt,CL302458,1957-11-17,Saint Helena,,National ID,2025-05-01,,HNI,,
Madeline Vasquez,CL728500,2003-08-22,Burkina Faso,yT539915,National ID,2024-02-15,Complete,HNI,,
Kristina Chase,CL779378,2004-07-08,Palau,hf334141,Passport,2023-12-13,Complete,Corporate,,
Chelsea Mcmahon,CL179392,1988-06-25,Saint Vincent and the Grenadines,td525690,Driver License,2025-01-04,Incomplete,Corporate,,
James Henderson,CL914854,2001-12-27,Mauritania,,Driver License,2024-01-21,Complete,Corporate,,
Rebecca Meyer,CL561976,1990-06-11,South Georgia and the South Sandwich Islands,,Passport,2025-01-05,Complete,HNI,,
Adam Phelps,CL906048,1971-01-01,Cyprus,Ms243772,National ID,2023-02-14,Incomplete,HNI,,
,CL173832,1994-10-12,San Marino,rT095481,Driver License,2024-12-10,Complete,Corporate,,
Cindy Carter,CL139673,1975-02-20,Lesotho,Xl052330,Driver License,2024-07-29,Incomplete,Corporate,,
William Hopkins,CL908442,2007-03-31,Saint Lucia,RE208656,Driver License,2023-12-26,Complete,HNI,,
Benjamin Acosta,CL822742,1968-09-19,Saudi Arabia,WY386125,Driver License,2024-12-20,Incomplete,Corporate,,
Sarah Mckinney,CL762985,1980-08-21,Tonga,jn292774,National ID,2023-06-06,,HNI,,
Nancy Smith,CL982042,1998-11-26,Spain,dg912662,Driver License,2024-01-06,Complete,HNI,,
Anthony Baird,CL413388,1993-09-28,Lebanom,ch596263,Passport,2023-07-12,Incomplete,Corporate,,
Michael Blevins DDS,CL298667,1975-01-17,Indonesiu,ah176475,Passport,2022-12-31,,HNI,,
Martin Kerr,CL931247,1964-10-22,Belize,SV099974,Driver License,2022-11-26,Incomplete,Retail,,
Janet Cooke,CL856035,1997-04-28,South Africb,,Passport,2024-05-06,Incomplete,HNI,,
Ariana Brown,CL877048,2003-08-14,French Southern Territories,IY826068,Passport,2024-10-03,,Retail,,
,CL748410,1953-11-08,Liechtenstein,,National ID,2024-09-16,Complete,Retail,,
Michelle Tyler,CL960607,1957-12-12,Taiwan,JC312920,Driver License,2023-11-03,Complete,Retail,,
Kenneth Delgado,CL312484,1955-06-24,Iran,tx840118,National ID,2024-10-25,Incomplete,Retail,,
Tony Smith,CL244000,1969-12-16,Chile,KF084872,Passport,2025-06-16,Complete,Corporate,,
Victoria Bell,CL535320,1986-02-16,Germani,mj831030,Driver License,2023-10-11,Incomplete,Retail,,
,CL204823,2006-03-01,Togo,wr329839,National ID,2023-01-18,Complete,Retail,,
Angela Scott,CL107574,1975-06-26,Saint Lucia,Sj267146,Passport,2024-10-12,Incomplete,Corporate,,
Nicholas Cowan,CL599135,1996-12-02,Costa Rica,Aj359892,Passport,2023-11-06,Incomplete,HNI,,
Alexander Munoz,CL283027,1954-10-11,Solomon Islands,ev418186,Passport,2025-03-23,Incomplete,HNI,,
Gavin Nelson,CL920597,2003-10-24,Benin,yg340163,Driver License,2023-01-10,,Retail,,
Sheri Chapman,CL200331,2004-05-28,China,Jr718594,National ID,2025-01-31,Incomplete,HNI,,
Carolyn Potts,CL303129,1976-01-05,Bolivia,EL258896,Passport,2023-01-17,Incomplete,Corporate,,
Jose Moore,CL145209,1958-02-06,Eritrea,,Driver License,2023-02-09,Incomplete,Corporate,,
Debra Sellers,CL895248,1992-12-31,Honduras,Cw539672,Passport,2024-06-30,Complete,Retail,,
Troy Meyer,CL221703,1998-05-24,Macao,,Passport,2023-06-23,Incomplete,Corporate,,
Angie Torres,CL441505,2001-12-09,Gambia,kK511131,Passport,2022-09-30,Complete,Retail,,
Kristen Vasquez,CL493774,1950-03-25,Belize,RR682778,Passport,2024-10-07,Incomplete,Retail,,
Adrian Lee,CL739037,2006-01-29,Qatar,RM068538,Driver License,2022-09-06,Incomplete,HNI,,
Christopher Conrad,CL382795,2001-06-22,New Caledonia,Gw832152,Passport,2022-09-20,,HNI,,
Christopher Booker MD,CL588148,1995-09-18,Jamaice,sq381447,Passport,2023-05-29,Complete,Corporate,,
Laura Robinson,CL768990,1970-03-31,Afghanistan,wa807970,Passport,2025-02-13,Complete,Retail,,
Hector Smith,CL326956,1998-08-31,Kuwait,Fm265016,Driver License,2022-11-11,Incomplete,HNI,,
Brittany Martinez,CL555342,1982-09-02,Marshall Islands,xt024376,National ID,2024-01-20,Complete,Corporate,,
,CL593515,1961-11-25,Japan,iw841772,National ID,2024-05-07,,HNI,,
Seth Gonzalez,CL830494,1962-05-27,Albania,ck402665,Driver License,2025-05-02,Complete,HNI,,
Tina Bird,CL526369,1957-08-02,Congo,WW678725,Passport,2024-03-15,Complete,HNI,,
,CL801534,1998-11-27,Macao,jw621102,National ID,2024-08-17,Complete,Corporate,,
Cynthia Gregory,CL837290,1972-10-13,American Samoa,sF690674,Driver License,2022-11-08,Complete,HNI,,
Luke Daniel,CL134303,1962-03-21,Senegaw,mE341436,Driver License,2022-12-10,Complete,HNI,,
Lisa Lopez,CL157474,1989-09-25,Reuniok,rm231260,National ID,2023-02-15,Complete,Retail,,
Curtis Lin,CL142859,1975-05-21,Japan,BE684335,Passport,2022-10-06,Complete,HNI,,
Anthony Rodriguez,CL451199,1974-03-30,Malawi,lc456350,Passport,2022-07-03,Complete,HNI,,
Erica Mitchell,CL380345,1968-07-26,Austria,xv916247,Driver License,2023-10-18,Complete,Corporate,,
Adam Arnold,CL652266,1958-05-15,Bouvet Island (Bouvetoya),xp555989,Driver License,2025-04-08,Incomplete,Corporate,,
James Eaton,CL826897,1958-05-20,Falkland Islands (Malvinas),TC910933,Passport,2022-12-03,Incomplete,Retail,,
Lisa Turner,CL180685,1981-10-09,Belaruf,AJ382023,Driver License,2023-07-30,Complete,Corporate,,
Sarah Meadows,CL757746,1973-02-20,Uganda,,Driver License,2024-01-22,Complete,Corporate,,
Autumn Graham,CL776000,1982-05-11,Kiribati,,Passport,2024-04-13,,Retail,,
Kathy Johnson,CL452192,1990-04-11,Malta,YS424090,Driver License,2023-04-24,Incomplete,Corporate,,
Kathleen Patel,CL982804,1984-06-11,Saint Vincent and the Grenadines,Xy127868,Driver License,2024-03-16,Complete,Corporate,,
Clinton Moore,CL607765,1964-04-28,New Caledonia,qt908788,Driver License,2023-06-10,Complete,Retail,,
Kristen Jackson,CL274444,1952-08-09,French Polynesia,ir834024,Passport,2022-09-21,Incomplete,Retail,,
Wanda Clark,CL826515,1957-05-29,Norway,TJ059551,Passport,2023-08-17,Complete,Retail,,
Steven Phillips,CL562305,1953-05-26,Saint Helena,bI053424,Passport,2025-04-19,Complete,HNI,,
Phyllis Rodriguez,CL491029,2000-04-02,Trinidad and Tobago,ou649837,Passport,2023-08-24,Complete,Retail,,
Rhonda Mullins,CL252446,1960-02-04,Costa Rica,fF736527,Driver License,2023-04-10,Incomplete,HNI,,
Scott Lopez,CL403905,1982-11-18,Kuwait,zR240422,National ID,2025-02-01,Incomplete,Corporate,,
Benjamin Sanchez,CL142027,1993-05-27,Comoros,gy618209,National ID,2024-02-19,Complete,Corporate,,
Adam Rivas,CL474754,1952-06-24,Angola,,Passport,2023-01-24,Complete,HNI,,
Debra Mays,CL904357,1990-04-23,Egypt,mi001851,Passport,2024-07-18,,Corporate,,
Jill Martin,CL636648,1972-01-29,Senegal,OI723084,Driver License,2023-01-10,Complete,HNI,,
Ashley Phillips,CL995278,1984-04-24,Angola,By620303,Driver License,2023-02-16,Incomplete,Corporate,,
Courtney Koch,CL688285,1975-09-07,Guinea,,National ID,2025-06-03,Incomplete,Corporate,,
Stephanie Vasquez,CL544420,1956-12-30,Turks and Caicos Islands,vh314519,Driver License,2024-01-14,Complete,Retail,,
Angela Williams,CL650818,1959-10-14,Uzbekistan,RB268592,Passport,2023-02-21,Incomplete,Retail,,
Elizabeth Roth,CL534649,1973-03-18,Ugandu,Ya147541,Driver License,2023-02-18,Complete,Retail,,
Erica Myers,CL680771,1998-08-04,Slovakia (Slovak Republic),jf711964,Driver License,2023-11-16,Incomplete,Corporate,,
James Flores,CL128143,1978-05-06,Brunei Darussalam,yA769523,Passport,2024-11-02,Incomplete,Retail,,
Katherine Herrera,CL537420,1965-02-28,Luxembourg,XS619689,National ID,2023-06-08,Complete,Retail,,
Isaiah Harris,CL169966,2007-05-21,Reunion,dw058721,Driver License,2024-01-14,Incomplete,Corporate,,
Peggy Taylor,CL827968,1980-10-31,Thailand,dV286333,Driver License,2023-02-02,Complete,Corporate,,
Michele Bennett,CL435209,1951-04-18,British Indian Ocean Territory (Chagos Archipelago),EM650191,National ID,2023-03-05,Complete,Retail,,
Charles Sanchez,CL473276,1950-05-09,Antarctica (the territory South of 60 deg S),,Driver License,2024-12-03,Complete,HNI,,
Brittany White,CL901834,2000-02-07,Switzerland,,Passport,2023-02-05,Incomplete,HNI,,
Tiffany Harrison,CL831871,1998-09-03,San Marino,dP570412,Passport,2022-08-21,Incomplete,Retail,,
Kathy Smith,CL916639,2006-03-02,Netherlandq,tT678498,Driver License,2023-06-21,Complete,Retail,,
Denise Davis,CL971968,1975-03-13,Jamaica,zl236903,National ID,2024-11-17,Complete,Corporate,,
Rose Mcdonald,CL958620,1970-10-25,Netherlands,mr662056,Passport,2022-12-18,Incomplete,HNI,,
Larry Bradford,CL726680,1951-05-31,Bosnia and Herzegovina,nM342811,Driver License,2022-07-20,Incomplete,Retail,,
Chelsea Harris,CL234966,1951-09-15,Saudi Arabia,KY341990,Passport,2024-07-23,Incomplete,Retail,,
Brandon Parker,CL545440,1973-10-09,Aruba,Uw468356,Passport,2023-01-20,,Corporate,,
,CL213054,1995-06-01,Reunion,,National ID,2022-12-01,Complete,Corporate,,
,CL416298,1977-03-21,North korea,Yy818209,Passport,2024-07-12,Complete,HNI,,
Amanda Martin,CL468609,1995-12-09,Namibia,,Passport,2024-06-21,Incomplete,HNI,,
Anna Higgins,CL624953,1964-03-05,Belgium,Xv228898,National ID,2024-05-28,Complete,Retail,,
Earl Hanson,CL654527,1978-10-29,Solomon Islands,ej063399,Passport,2024-11-29,Complete,HNI,,
Anne Smith PhD,CL324411,1970-07-26,Niux,ks817175,National ID,2023-03-10,Complete,Corporate,,
Jack Davis,CL975290,1961-09-11,Bangladesh,hK747472,Driver License,2024-07-30,Complete,Corporate,,
Dustin Ortiz,CL215674,1991-09-03,North korea,xf275895,Driver License,2025-05-27,Incomplete,HNI,,
Deborah Hutchinson,CL617695,1995-12-14,Isle of Man,jg090380,Driver License,2023-09-27,Incomplete,HNI,,
James Jones,CL680822,1975-12-03,Honduras,Dg715778,Driver License,2022-11-13,Complete,Corporate,,
Sylvia Nielsen,CL113406,2001-10-12,Cocos (Keeling) Islands,vM636515,Driver License,2024-07-27,Incomplete,Corporate,,
Karen Ramirez,CL225008,1952-02-09,Croatia,Kc827235,Driver License,2025-01-21,Complete,HNI,,
Timothy Ward,CL167853,1978-10-09,Singapore,rq730306,Passport,2025-03-16,Incomplete,Retail,,
Benjamin Sullivan,CL623354,1969-10-21,Christmas Island,df768342,National ID,2024-04-28,Incomplete,HNI,,
Elizabeth Gonzalez,CL799061,1978-01-08,Guam,SK778265,Driver License,2024-02-27,Incomplete,Retail,,
Richard Harper,CL362867,1954-10-18,Swaziland,jD992550,Passport,2023-02-17,Complete,Retail,,
Ashley Cordova,CL622332,1977-02-26,Luxembourb,OL480727,Passport,2022-12-01,Incomplete,Retail,,
William Fisher,CL897097,1986-08-31,Argentina,,National ID,2023-03-18,Incomplete,Retail,,
Gregory Farley,CL629315,1995-10-02,Netherlands Antilles,tG905504,Driver License,2023-01-12,Complete,Retail,,
Dr. Jason Bell PhD,CL224921,1978-06-25,Reunion,xl851276,Driver License,2024-11-07,Incomplete,Corporate,,
Jeffrey Mitchell,CL917241,1994-05-22,Nepaf,fP649111,National ID,2022-07-28,Incomplete,Retail,,
Ashley Brady,CL901123,1991-12-15,Nicaragua,Qs817890,National ID,2024-04-16,Incomplete,Corporate,,
Jesse James,CL158444,1962-10-23,Croatia,ax715766,Driver License,2023-06-15,Incomplete,HNI,,
Shawn Baker,CL398254,2006-07-24,Madagascar,bj630600,Passport,2024-02-04,Complete,Corporate,,
Sally Greene,CL128206,1972-04-21,Tajikistan,mN296386,National ID,2025-03-30,Complete,Corporate,,
Rebecca Lane,CL468332,1958-04-10,India,,Passport,2025-03-17,Incomplete,HNI,,HKBOG6265T
Bryan Ray,CL278026,1976-03-06,Spain,,Driver License,2025-03-03,,HNI,,
Juan Fry,CL541631,1963-05-15,United States Virgin Islands,jb110609,National ID,2025-02-17,Complete,Corporate,,
Valerie Armstrong,CL700350,1951-03-23,Russian Federation,,Driver License,2023-01-21,Complete,Corporate,,
Paula Lopez,CL799806,1993-11-27,Korea,Xq343836,National ID,2025-04-22,Incomplete,Retail,,
Timothy Burton,CL925386,1992-12-11,Austria,,National ID,2024-12-18,Incomplete,Retail,,
Jimmy Carlson,CL943687,1956-10-15,Tonga,Fx244211,National ID,2023-05-22,Complete,HNI,,
Robert Gutierrez,CL940104,1982-08-11,India,Zk136657,Driver License,2023-04-08,Complete,HNI,4029 9015 5799,VQHMM8028B
Jorge Hernandez,CL428574,1974-05-02,Mauritania,fU130523,Driver License,2025-06-11,Incomplete,HNI,,
Donald Gonzalez,CL119506,1955-10-05,Wallis and Futuna,Gz584776,National ID,2023-04-28,Incomplete,Retail,,
Michael Clay,CL589994,1968-08-18,El Salvador,Yn619942,National ID,2024-07-29,Incomplete,HNI,,
Jessica Burgess,CL310394,2005-01-09,Jersey,mK591966,Passport,2024-01-02,Incomplete,Corporate,,
Sabrina Cole,CL167557,1951-10-20,Holy See (Vatican City State),PH849649,Driver License,2024-01-01,Incomplete,HNI,,
Christopher Morris,CL347600,2003-04-28,Indonesia,xj253135,Passport,2023-11-03,Complete,Retail,,
Michael Love,CL608960,1964-01-19,British Virgin Islands,ys795381,Driver License,2025-01-22,Complete,Retail,,
Ashley Ramirez,CL370948,1990-11-14,Croatia,mm196655,Driver License,2022-09-18,Complete,HNI,,
Anthony Hill Jr.,CL609442,1980-04-25,Spain,Kb295963,Passport,2023-09-18,Complete,Corporate,,
Savannah Travis,CL526777,1980-12-04,Andorra,cv426088,National ID,2025-03-30,Complete,Corporate,,
Brandon Lang,CL247388,1998-09-20,Andorra,JX445561,National ID,2023-11-01,Complete,HNI,,
Jennifer Horton,CL912767,1980-06-08,Lithuania,od715910,Driver License,2022-07-19,Complete,Retail,,
Frank Watts,CL428634,1979-02-24,Burundi,aS321358,National ID,2022-09-22,Complete,Corporate,,
Amanda Williams,CL324509,1970-03-18,Eritrea,Sk145964,Driver License,2023-02-02,Complete,Corporate,,
Cameron Atkins,CL218448,2000-09-29,Myanmar,pK967188,Driver License,2024-07-14,Complete,Corporate,,
Douglas Barton MD,CL480631,1955-10-01,Panama,QP441583,Driver License,2023-05-18,Complete,HNI,,
Wesley Brown,CL982348,1950-05-25,Puerto Rico,vn376371,Passport,2025-01-05,Complete,Corporate,,
Shannon Hodges,CL834649,1970-09-21,Senegal,xy728123,National ID,2024-06-04,Complete,Corporate,,
Christina Ross,CL512064,1954-03-05,Trinidad and Tobago,jD462491,Driver License,2022-12-16,Complete,Corporate,,
Alan Murray,CL560163,1967-08-28,Samoa,hJ078754,National ID,2022-11-10,Complete,Corporate,,
Chris Shaw,CL615576,1984-01-25,Guinea,dP507451,Driver License,2024-02-17,Incomplete,HNI,,
Cheyenne Lopez,CL205272,1961-07-10,Saint Martin,Bg948978,National ID,2025-05-26,Complete,Corporate,,
Tina Robinson,CL674334,1953-02-12,Australia,gr094318,Driver License,2023-06-19,Complete,HNI,,
Michelle Myers,CL929443,1956-05-24,Turkmenistan,wO347323,Passport,2023-09-23,Incomplete,Corporate,,
Morgan Davis,CL361728,1983-10-01,Romania,Re974325,National ID,2023-03-18,Incomplete,Corporate,,
Jesse Rivers,CL239995,1994-10-29,Colombia,ek765024,National ID,2025-05-23,Incomplete,Corporate,,
Linda Montes,CL290724,1989-03-09,Senegal,bK073710,Driver License,2025-05-24,Complete,Retail,,
Kelly Jackson,CL778540,1959-06-24,French Guiana,Vw114577,Passport,2024-10-27,Incomplete,Retail,,
Dawn Ellis,CL152201,2005-10-30,Equatorial Guinea,hr545897,Driver License,2025-06-02,Complete,Retail,,
Alicia Irwin,CL694797,1964-06-28,Maldives,VS257039,National ID,2024-05-02,Incomplete,HNI,,
Brandon Knapp,CL313013,1975-03-18,Guyana,qR148782,Driver License,2023-12-26,Incomplete,Corporate,,
Kevin Landry,CL729232,1968-04-20,Tuvalu,Nh430985,Driver License,2024-05-06,Complete,Corporate,,
Walter Sparks,CL130170,1969-02-16,South Africa,Hs107272,Driver License,2025-02-26,Incomplete,Retail,,
Elizabeth Roberts,CL580419,2003-12-05,Moldova,,Driver License,2023-10-03,Incomplete,HNI,,
Daniel Petersen,CL502124,1957-11-26,American Samoa,Qa074065,National ID,2022-09-18,Complete,Retail,,
Shawn Glover,CL346249,1983-08-31,El Salvador,BL821423,Driver License,2022-11-05,Complete,Retail,,
John Gomez,CL417201,2004-09-27,French Guiana,Mt666144,National ID,2023-03-29,Complete,HNI,,
Shawn Brock,CL616780,1958-12-22,Mongolia,tt342683,Driver License,2022-11-12,Incomplete,HNI,,
Lori Gardner,CL222517,1975-02-01,French Southern Territories,GR612875,Passport,2024-01-09,Incomplete,HNI,,
John Ali,CL376002,1980-11-22,Lao People's Democratic Republic,Nt080612,Driver License,2023-07-14,Incomplete,Retail,,
Bethany Daniels,CL900771,1987-12-28,Mozambique,DZ406260,National ID,2024-09-14,Incomplete,Retail,,
Angela Nelson,CL292037,1993-09-22,Kuwait,,Driver License,2022-12-16,Incomplete,Corporate,,
,CL473838,1989-12-12,North korea,hV149750,National ID,2024-12-27,Incomplete,Retail,,
Michelle Miles,CL229660,1984-08-19,Peru,tO287232,Passport,2023-10-28,Complete,Retail,,
Abigail Washington DDS,CL690607,1957-04-23,Saint Helena,gp102918,National ID,2023-05-16,Complete,HNI,,
Ross Wallace,CL180567,1953-04-16,Bosnia and Herzegovina,Iq146723,Driver License,2025-02-08,Incomplete,Retail,,
Matthew Martinez,CL227916,1959-06-15,Pitcairn Islands,VS022328,National ID,2024-10-29,Complete,Corporate,,
Dylan Contreras,CL971051,1989-07-26,Cook Islands,DA754661,Driver License,2024-04-22,Incomplete,HNI,,
Jim Elliott,CL145976,1950-04-02,Cameroon,wi940970,Driver License,2024-06-28,Complete,Retail,,
Destiny Holden,CL396698,1973-11-05,Turkmenistan,Ge883586,Passport,2023-03-31,Incomplete,Retail,,
Matthew Hart,CL908323,1980-10-08,Palau,yE244617,Passport,2025-01-29,,Retail,,
Michael Hunter,CL398776,1994-05-05,Palestinian Territory,wL842599,National ID,2025-02-16,Incomplete,Corporate,,
Andrew Christian,CL425164,1960-05-02,Switzerland,Wo311775,National ID,2023-07-05,Complete,Corporate,,
Carrie Stafford,CL506941,2000-12-07,Bosnia and Herzegovina,cV610941,National ID,2022-10-24,Complete,Corporate,,
Lisa Pittman,CL555193,1961-05-07,Kenya,Jm517629,Passport,2023-05-03,,Corporate,,
Michael Perez DDS,CL779068,1979-01-15,El Salvador,nc831901,Passport,2023-02-06,Complete,Corporate,,
Raymond Carroll,CL940480,1954-05-26,Uganda,KE528733,Passport,2024-08-19,Incomplete,Retail,,
Steven Castaneda,CL150046,2004-01-19,Guinea,fi176619,Passport,2024-09-13,Incomplete,Corporate,,
Jonathan Williams,CL952308,1986-04-15,French Southern Territoriev,Tw503446,Driver License,2022-10-16,Complete,Retail,,
Tracy Jones,CL924366,1988-08-27,Tunisia,Nd389846,Driver License,2024-10-28,,Corporate,,
Lauren Giles,CL715732,1967-05-28,Qatar,vW005643,National ID,2022-10-03,Incomplete,Corporate,,
Robert Rivera,CL296284,2001-01-14,Burundi,SW037199,Passport,2022-08-26,Incomplete,HNI,,
,CL222346,1954-04-26,Iran,,National ID,2024-04-09,Incomplete,HNI,,
Tanya Clay,CL610365,1982-01-30,Netherlands Antilles,Go240107,National ID,2025-04-08,Incomplete,Corporate,,
,CL217348,1978-11-13,Guernsee,XY743000,National ID,2023-05-03,Complete,Retail,,
Jamie Sutton,CL353524,1950-09-25,Martinique,BS870662,National ID,2024-04-26,Complete,Retail,,
Jeffrey Prince,CL597013,1974-07-11,Mexico,of535603,Passport,2025-01-02,Complete,HNI,,
Paul Beasley,CL594392,2003-06-24,Algeria,,Driver License,2024-10-12,Complete,Corporate,,
Robert Marks,CL153395,1966-07-05,Montenegro,sc010272,Passport,2023-11-02,Incomplete,Corporate,,
Stephanie Bolton,CL724783,1958-05-01,Guernsey,qI967111,Driver License,2023-05-18,,Corporate,,
Robin Hurst,CL741199,1964-06-29,Lithuania,Hr745843,Driver License,2023-11-10,Complete,HNI,,
Ashley Reed,CL166595,1977-06-17,Qatas,Ho974132,National ID,2023-10-19,Incomplete,Retail,,
Barbara Hardy,CL463608,2003-02-14,Saint Vincent and the Grenadines,bF203771,Driver License,2022-08-24,,Corporate,,
James Wilcox,CL559392,1955-04-03,Faroe Islands,yy049670,Passport,2024-05-22,Incomplete,HNI,,
James Keller,CL591223,1985-09-27,Aruba,MW040850,Driver License,2023-12-07,Incomplete,Corporate,,
Deborah Mullins,CL870267,1964-03-28,Uzbekistan,Zg059660,Driver License,2024-11-08,Complete,HNI,,
Tara Mitchell,CL190378,1985-11-22,Iceland,ky769984,Passport,2024-06-27,Complete,HNI,,
Cynthia Velez MD,CL617708,1995-12-15,Samoa,Kz413845,Passport,2022-08-31,Complete,Corporate,,
Derrick King,CL266309,1993-12-10,Nicaragua,ql901495,National ID,2024-05-22,,Retail,,
Adam Johnson,CL337701,1973-11-30,Kyrgyz Republic,fr783609,Passport,2025-02-05,Incomplete,Corporate,,
Austin White,CL684080,2001-08-17,Micronesia,jN447232,Passport,2025-04-17,Complete,HNI,,
Matthew Lopez,CL982478,1983-12-26,Australio,dT795083,Passport,2023-08-09,Complete,HNI,,
Ryan Atkinson,CL223794,1986-04-12,Equatorial Guined,GC093511,Driver License,2022-12-25,Incomplete,HNI,,
Damon Hudson,CL868136,2005-12-04,Malawi,uM616420,Passport,2024-01-13,Incomplete,Retail,,
Stephanie Brooks,CL535945,1969-07-06,Grenada,jL902504,Passport,2022-08-11,Incomplete,Corporate,,
Rhonda Dixon,CL378937,2002-08-22,Botswana,cQ895369,Driver License,2023-02-21,Complete,Retail,,
Marie Friedman,CL925455,1964-10-13,Hong Kong,Uh989868,Driver License,2024-09-29,Incomplete,Corporate,,
John Warren,CL815337,1979-07-07,South Georgia and the South Sandwich Islands,vp543943,Passport,2024-01-16,Complete,HNI,,
Paul Wilson,CL188896,1965-11-27,Djibouti,Ge765158,Driver License,2024-01-16,Complete,Corporate,,
,CL772625,1982-06-13,Palay,iI937639,National ID,2023-07-18,,HNI,,
Megan Wade,CL645027,1990-09-16,Singapore,AA445511,Driver License,2024-08-25,Incomplete,HNI,,
Mackenzie Barton,CL108286,1961-09-29,Cameroon,WJ702164,National ID,2024-07-01,Complete,HNI,,
Sean Bass,CL670871,1951-02-17,Samoa,Bw212886,National ID,2023-01-16,Incomplete,HNI,,
Dana Carter,CL416178,1972-06-03,Iran,,National ID,2023-12-07,Complete,HNI,,
Ashley Bowen,CL197328,1954-07-10,Nauru,WE576764,Driver License,2025-06-24,Complete,Retail,,
Misty Lawrence,CL371256,2005-04-23,Burkina Fasz,xR812099,Driver License,2025-04-06,Complete,HNI,,
Jeffrey Romero,CL632151,1989-07-09,Korel,dK413475,Passport,2024-09-14,Complete,Corporate,,
Katie Reilly,CL575159,1968-11-30,Ukraine,VU565220,Passport,2023-05-26,Complete,Corporate,,
Laura Gilbert,CL954672,1956-04-09,Jersey,FC542144,National ID,2023-06-15,Incomplete,HNI,,
Todd Green,CL641538,1990-10-02,Turks and Caicos Islands,JG134213,Driver License,2023-03-22,Complete,HNI,,
Amanda Macdonald,CL196729,1986-02-08,Antarctica (the territory South of 60 deg S),,Passport,2023-05-02,Incomplete,Retail,,
Rodney Wood IV,CL716813,1988-05-15,Albania,hT678274,Driver License,2023-01-05,Incomplete,HNI,,
Katherine Miller,CL613321,1958-10-24,Kenya,uk415131,Driver License,2024-08-28,Complete,HNI,,
Mark Hunt,CL235670,2002-05-19,Grenada,um150618,National ID,2024-11-16,Complete,HNI,,
Lori Avery,CL882758,1992-03-10,Panama,Rm032963,National ID,2023-08-19,Complete,HNI,,
